<?xml version="1.0" encoding="UTF-8"?>
<project-private xmlns="http://www.netbeans.org/ns/project-private/1">
    <editor-bookmarks xmlns="http://www.netbeans.org/ns/editor-bookmarks/2" lastBookmarkId="0"/>
    <open-files xmlns="http://www.netbeans.org/ns/projectui-open-files/2">
        <group>
            <file>file:/C:/Users/Dang%20Khoi/Desktop/Semester_3/LAB211/Project_2/SE203150_NguyenDangKhoi_Lab2/src/Operations/BrandsList.java</file>
            <file>file:/C:/Users/Dang%20Khoi/Desktop/Semester_3/LAB211/Project_2/SE203150_NguyenDangKhoi_Lab2/src/Main.java</file>
            <file>file:/C:/Users/Dang%20Khoi/Desktop/Semester_3/LAB211/Project_2/SE203150_NguyenDangKhoi_Lab2/src/Input/InputData.java</file>
            <file>file:/C:/Users/Dang%20Khoi/Desktop/Semester_3/LAB211/Project_2/SE203150_NguyenDangKhoi_Lab2/src/Vehicles/Brands.java</file>
            <file>file:/C:/Users/Dang%20Khoi/Desktop/Semester_3/LAB211/Project_2/SE203150_NguyenDangKhoi_Lab2/src/Input/InputValid.java</file>
            <file>file:/C:/Users/Dang%20Khoi/Desktop/Semester_3/LAB211/Project_2/SE203150_NguyenDangKhoi_Lab2/src/Menu.java</file>
            <file>file:/C:/Users/Dang%20Khoi/Desktop/Semester_3/LAB211/Project_2/SE203150_NguyenDangKhoi_Lab2/src/Operations/CarsList.java</file>
            <file>file:/C:/Users/Dang%20Khoi/Desktop/Semester_3/LAB211/Project_2/SE203150_NguyenDangKhoi_Lab2/src/Vehicles/Cars.java</file>
        </group>
    </open-files>
</project-private>
